Biotechnology Innovation Organization,Biotechnology,|Washington, DC|,490,http://www.bio.org
BIOTECHNOLOGY RESEARCH FOUNDATION,Biotechnology,,36,http://biotechnologyresearchfoundation.org/
Biotechnology Resume,Biotechnology,,0,http://www.BiotechnologyResume.com
Biotechnology Information Institute,Biotechnology,,3,http://www.bioinfo.com
Biotechnology Institute,Biotechnology,,70,
North Carolina Biotechnology Center,Biotechnology,|Research Triangle Park, NC|,108,http://www.ncbiotech.org
Biotechnology Industry Research Assistance Council (BIRAC),Biotechnology,|New Delhi, Delhi|,51,
Student Biotechnology Network,Biotechnology,|Vancouver, BC|,139,http://www.thesbn.ca
SuperBAC Biotechnology Solutions,Biotechnology,|Cotia, SP|,166,http://www.superbac.com.br
BTI Biotechnology Institute,Biotechnology,|Vitoria-Gasteiz, Álava|,170,http://bti-biotechnologyinstitute.com/
Farmacore Biotechnology Ltd,Biotechnology,,13,http://www.farmacore.com.be
Applikon Biotechnology,Biotechnology,Delft,149,http://www.applikon-bio.com
Malaysian Biotechnology Information Centre,Biotechnology,,19,http://www.bic.org.my
Badir for Biotechnology,Biotechnology,Riyadh,14,http://www.badir.com.sa/en/incubator/biotechnology-incubator
HudsonAlpha Institute for Biotechnology,Biotechnology,|Huntsville, AL|,178,http://www.hudsonalpha.org
Sony Biotechnology Inc.,Biotechnology,|San Jose, CA|,84,http://www.sonybiotechnology.com/
Contract-Biotechnology.com,Biotechnology,|MONDRAGON O ARRASATE, GUIPUZCOA|,2,http://www.contract-biotechnology.com
National Biotechnology & Pharmaceutical Association,Biotechnology,,10,http://www.nbpalink.org
Iden Biotechnology S.L.,Biotechnology,|Cordovilla, Navarra|,20,http://www.idenbiotechnology.com
Genesis Biotechnology Group,Biotechnology,|Hamilton, NJ|,74,http://www.genesisbiotechgroup.com
SOLVO Biotechnology,Biotechnology,Budaors,90,http://www.solvo.com
|Goodwin Biotechnology, Inc.|,Biotechnology,|Plantation, Florida|,60,http://www.goodwinbio.com
Virginia BioTechnology Research Park,Biotechnology,|Richmond, Virginia|,16,http://www.vabiotech.com
Toulouse White Biotechnology (TWB),Biotechnology,Ramonville Saint-Agne,33,http://www.toulouse-white-biotechnology.com
Vigilance Biotechnology LLC,Biotechnology,|Afton, Virginia|,employee,http://www.vigbio.com
National Center for Biotechnology Information (NCBI),Biotechnology,|Bethesda, MD|,168,https://www.ncbi.nlm.nih.gov
Santa Cruz Biotechnology (SCBT),Biotechnology,|Dallas, TX|,188,https://www.scbt.com/
GrassRoots Biotechnology,Biotechnology,,3,http://www.grassrootsbio.com
Salveo Biotechnology SA,Biotechnology,|Plan-les-Ouates, Geneva|,15,http://www.salveo.com
Illinois Biotechnology Innovation Organization (iBIO),Biotechnology,|Chicago, Illinois|,3,http://www.ibio.org
Generex Biotechnology Corporation,Biotechnology,|Burlington, Ontario|,21,http://www.generex.com
Insilico Biotechnology,Biotechnology,Stuttgart,14,http://www.insilico-biotechnology.com
Society for Industrial Microbiology and Biotechnology,Biotechnology,|Fairfax, VA|,14,http://www.simbhq.org
Council for Biotechnology Information,Biotechnology,|Washington, DC|,3,http://gmoanswers.com
MBI (Michigan Biotechnology Institute),Biotechnology,|Lansing, MI|,51,http://www.mbi.org
|GEEN Biotechnology, Inc.|,Biotechnology,|Istanbul, Esenler|,14,http://www.geen.com.tr
Industrial Biotechnology Innovation Centre,Biotechnology,Glasgow,23,http://www.ibioic.com
ABLE - Association of Biotechnology Led Enterprises,Biotechnology,|Bangalore, Karnataka|,18,http://www.ableindia.in
UNITY Biotechnology,Biotechnology,|Brisbane, CA|,91,http://unitybiotechnology.com/
King Hussein Institute for Biotechnology and Cancer,Biotechnology,Amman,8,http://www.khibc.jo
|Puma Biotechnology, Inc.|,Biotechnology,|Los Angeles, CA|,336,http://www.pumabiotechnology.com
Department of Biotechnology,Biotechnology,,128,http://www.unipune.ac.in/dept/science/biotechnology/default.htm
|National Center for Biotechnology-CSIC. Madrid, Spain|,Biotechnology,|Madrid, España|,149,http://www.cnb.csic.es
Yashraj Biotechnology Ltd,Biotechnology,|Mumbai, Maharashtra|,98,http://www.yashraj.com
BrainWave Biotechnology Private Limited,Biotechnology,|Chennai, Tamilnadu|,109,http://www.brainwave.in
ADC Biotechnology Ltd,Biotechnology,|St Asaph, Denbigshire|,34,http://www.adcbio.com
Allele Biotechnology & Pharmaceuticals Inc.,Biotechnology,|San Diego, Ca|,25,http://www.allelebiotech.com
Lupos Biotechnology Inc,Biotechnology,|Toronto, Ontario|,4,https://lupos.ca/
|Gold Biotechnology, Inc.|,Biotechnology,|St. Louis, Missouri|,19,http://www.goldbio.com
Development Center for Biotechnology,Biotechnology,,153,http://www.dcb.org.tw
Brazilian biotechnology social network/Rede de biotecnologia e biciências Biotech-Space,Biotechnology,,0,http://www.biotechspace.com.br
TaiGen Biotechnology,Biotechnology,,55,http://www.taigenbiotech.com
Cook General Biotechnology,Biotechnology,|Indianapolis, IN|,12,http://www.CookGBT.com
|M3 Biotechnology, Inc.|,Biotechnology,|Seattle, WA|,12,http://www.m3bio.com/
|Beike Biotechnology Co., Ltd.|,Biotechnology,|Shenzhen, Guangdong|,42,http://www.beikebiotech.com/
San Diego Biotechnology Network,Biotechnology,|San Diego, California|,3,http://sdbn.org
A&A Biotechnology,Biotechnology,|Gdynia, Pomorskie|,4,http://www.shop-aabiot.home.pl
Australian Biobest Biotechnology Service,Biotechnology,|Wentworthville, Sydney, New South Wales|,employee,http://www.biobest.com.au
Nerium Biotechnology,Biotechnology,|San Antonio, TX|,38,http://neriumbiotech.com
Indian Institute of Biotechnology Private Limited (IIBT),Biotechnology,,11,http://www.iibt.in
Shanghai Biotechnology Corporation (SBC),Biotechnology,Shanghai,16,http://www.shanghaibiotech.com/eng
Regional Centre for Biotechnology,Biotechnology,|Faridabad, Haryana|,133,http://www.rcb.res.in
|Bar Harbor BioTechnology, Inc.|,Biotechnology,|Trenton, Maine|,7,http://www.bhbio.com
Korea Biotechnology Industry Organization,Biotechnology,,21,http://www.koreabio.org
BioAlberta (Alberta Biotechnology Association),Biotechnology,|Edmonton, Alberta|,11,http://www.bioalberta.com
Soley Biotechnology Institute,Biotechnology,,4,http://www.soleybio.com
F-star Biotechnology Ltd,Biotechnology,|Cambridge, Cambridgeshire|,86,http://www.f-star.com
CHAIN Biotechnology Ltd,Biotechnology,Marlow,9,http://www.chainbiotech.com
6th World Congress on Biotechnology,Biotechnology,|Los Angeles, CA|,employee,https://www.linkedin.com/redir/general-malware-page?url=http%3A%2F%2Fwww%2ebiotechnologycongress%2ecom%2F
|Vir Biotechnology, Inc.|,Biotechnology,,106,http://www.vir.bio
Direvo Industrial Biotechnology GmbH,Biotechnology,,11,http://www.direvo.com
TeselaGen Biotechnology,Biotechnology,|San Francisco, California|,21,https://teselagen.com
Dow AgroSciences,Biotechnology,|Indianapolis, IN|,|6,082|,http://www.dowagro.com
|Department Of Biotechnology, Government Of india|,Biotechnology,,74,
The International Forum On Biotechnology,Biotechnology,|Chennai, Tamil Nadu|,0,http://www.biot.co.in
EAPB European Association of Pharma Biotechnology,Biotechnology,Berlin,2,http://www.eapb.org
AVM Biotechnology,Biotechnology,|Seattle, WA|,12,http://www.avmbiotech.com
Diosynth Biotechnology/ Merck,Biotechnology,,37,http://www.diosynthbiotechnology.com
BBI Solutions - Maine (Formerly Maine Biotechnology Services),Biotechnology,|Portland, ME|,20,http://www.mainebiotechnology.com
Amgen,Biotechnology,|Thousand Oaks, CA|,|26,686|,http://www.amgen.com
Sanofi Genzyme,Biotechnology,|Cambridge, Massachusetts|,|10,407|,https://www.sanofigenzyme.com/
Life Technologies,Biotechnology,|Waltham, MA|,|5,407|,http://www.thermofisher.com/
Sigma-Aldrich,Biotechnology,|St. Louis, MO|,|4,425|,http://bit.ly/sigmaaldrich
AROS Applied Biotechnology A/S,Biotechnology,Aarhus N,22,http://www.arosab.com
Biogen,Biotechnology,|Cambridge, MA|,|8,060|,http://www.biogen.com
|Alexion Pharmaceuticals, Inc.|,Biotechnology,|Boston, Massachusetts|,|2,776|,http://www.alexion.com/
Centre of Biotechnology of Sfax,Biotechnology,,86,http://www.cbs.rnrt.tn
Lonza,Biotechnology,Basel,|8,637|,http://www.lonza.com
|Institute of Molecular Biotechnology, Vienna, Austria|,Biotechnology,,55,http://www.imba.oeaw.ac.at/
Biocon,Biotechnology,|Bangalore, Karnataka|,|7,475|,http://www.biocon.com
Nanogen Pharmaceutical Biotechnology co ltd.,Biotechnology,|Ho Chi Minh City, Ho Chi Minh City|,52,http://www.nanogenpharma.com
IBBR Institute for Bioscience and Biotechnology Research,Biotechnology,|Rockville, MD|,68,http://www.ibbr.umd.edu
QIAGEN,Biotechnology,Hilden,|3,713|,http://www.qiagen.com
|LifeCell, An Acelity Company|,Biotechnology,|San Antonio, TX|,726,http://acelity.com/
Pall Corporation,Biotechnology,|Port Washington, New York|,|5,851|,https://www.pall.com
RxSalesPros,Biotechnology,|Chester, NJ|,5,http://www.rxsalespros.com
International Centre for Genetic Engineering and Biotechnology,Biotechnology,|New Delhi, New Delhi|,124,http://icgeb-bioenergy.org/
Alltech,Biotechnology,|Lexington, Kentucky|,|2,470|,http://www.alltech.com
|EMD Serono, Inc.|,Biotechnology,|Rockland, MA|,|2,172|,http://www.emdserono.com
Theranos,Biotechnology,|Palo Alto, CA|,151,http://www.theranos.com
|Edge Therapeutics, Inc.|,Biotechnology,|Berkeley Heights, NJ|,39,http://www.edgetherapeutics.com
PSC Biotech,Biotechnology,|Pomona, CA|,301,http://www.biotech.com
|BioFlorida, Inc.|,Biotechnology,|West Palm Beach, Florida|,17,http://www.bioflorida.com
|Juno Therapeutics, Inc.|,Biotechnology,|Seattle, WA|,902,http://www.junotherapeutics.com
Moderna Therapeutics,Biotechnology,|Cambridge, Massachusetts|,694,http://www.modernatx.com
Bruker Daltonics,Biotechnology,|Billerica, Massachusetts|,632,http://www.bruker.com
Caris Life Sciences,Biotechnology,|Irving, TX|,392,http://www.carislifesciences.com
REGENXBIO Inc.,Biotechnology,|Rockville, Maryland (MD)|,141,http://www.regenxbio.com
|Microbiologics, Inc.|,Biotechnology,|Saint Cloud, Minnesota|,140,http://www.microbiologics.com
|Spark Therapeutics, Inc.|,Biotechnology,|Philadelphia, PA|,350,http://www.sparktx.com
Thomson Reuters Recap,Biotechnology,,268,http://www.recap.com
|Genencor, A Danisco Division|,Biotechnology,|Rochester, NY|,247,http://www.genencor.com
Charles River Laboratories,Biotechnology,|Wilmington, Massachusetts|,|7,925|,http://criver.com
|Halozyme Therapeutics, Inc.|,Biotechnology,|CA, San Diego|,363,http://www.halozyme.com
Twist Bioscience,Biotechnology,|San Francisco, CA|,271,https://www.twistbioscience.com
Phenomenex,Biotechnology,|Torrance, CA|,575,http://www.phenomenex.com
Coherus BioSciences,Biotechnology,|Redwood City, CA|,165,http://www.coherus.com
