Information Technology and Services Co. (ITSC),Information Technology and Services,Cairo,105,http://www.itscegypt.com
|Computer Software, Inc. (CSI)|,Information Technology and Services,|Chalfont, PA|,17,http://www.computersoftwareinc.com
|Computer Software Development, Inc.|,Information Technology and Services,|Center Point, IA|,19,http://www.comsoftdev.com
CCS Construction Computer Software (Pty) Ltd,Information Technology and Services,|Centurion, Gauteng|,119,http://www.constructioncomputersoftware.com
Computer Associates (CAI Software LLC),Information Technology and Services,|Smithfield, RI|,563,http://www.caisoft.com
Computer Futures,Information Technology and Services,London,|1,601|,http://www.computerfutures.com
Computer Ware India Private Limited,Information Technology and Services,|New Delhi, Delhi|,70,http://www.computerware.in
Computer Gross Italia,Information Technology and Services,|Empoli, Florence|,337,http://www.computergross.it
Computer Resources International Group SA,Information Technology and Services,|Windhof, Grand Duchy of Luxembourg|,113,http://cri-group.eu
Computer Power Group,Information Technology and Services,|Brookfield, WI|,66,http://cpg-inc.com
|Computer Technologies Consultants, Inc. (CTC, Inc.)|,Information Technology and Services,|McLean, VA|,54,http://www.usa-ctc.com
|Computer Technology Resources, Inc|,Information Technology and Services,|Irvine, CA|,71,http://www.ctrworld.com
Computer Solutions,Information Technology and Services,|San Antonio, Texas|,342,http://www.comsoltx.com
|Computer Society of India, Mumbai Chapter|,Information Technology and Services,|Mumbai , Maharashtra|,34,http://www.csimumbai.org
Computer Engineering,Information Technology and Services,|Parabiago, MI|,230,http://www.computer-engineering.it
Computer Age Management Services Pvt. Ltd.,Information Technology and Services,|Chennai, Tamil Nadu|,|1,324|,http://www.camsonline.com
Connected Dots Computer Software House,Information Technology and Services,,employee,http://www.conndots.com
Computer Research (Pvt) Ltd.,Information Technology and Services,|Karachi, Sindh|,83,http://www.cr-pl.com
Computer Power Plus,Information Technology and Services,,54,http://www.computerpowerplus.ac.nz
Computer & Systems Engineering Company,Information Technology and Services,|Riyadh, Riyadh|,57,http://www.cse.com.sa
Computer Troubleshooters Milton,Information Technology and Services,,499,http://www.ctmilton.com.au
Computer World Services Corp. (CWS),Information Technology and Services,|Washington, DC|,179,http://www.cwsc.com
Computer-3,Information Technology and Services,|Lugo, Lugo|,16,http://www.computer-3.com
Software & DTP,Information Technology and Services,,197,http://www.vavrina-net.cz/business
Geek Squad,Information Technology and Services,,|7,176|,http://www.geeksquad.com
Computer Space,Information Technology and Services,|Madrid, Madrid|,94,http://WWW.COMPUTERSPACE.ES
COMPUTER HELP spol. s r.o.,Information Technology and Services,,23,http://www.computerhelp.cz
Computer Service Centre,Information Technology and Services,|Norwich, Norfolk|,54,http://www.computerservicecentre.com
Computer Services - (Computer Services FZ LLC),Information Technology and Services,|Dubai, PO BOX|,4,https://www.computerservices.ae
Foxconn,Information Technology and Services,,|70,355|,http://www.foxconn.com
Computer Control Systems SA (C.C.S.),Information Technology and Services,Athens,25,http://eng.ccs.gr/applied-engineering-division/
Sharaf Computer and Software Trading LLC,Information Technology and Services,,10,http://www.scst.ae/
|Computer Solutions East, Inc.|,Information Technology and Services,|New Rochelle, New York|,87,http://www.computersolutionseast.com
Sunrise Computer Software Pvt. Ltd.,Information Technology and Services,|Pune, Maharashtra|,11,http://www.sunrisecompusys.com
HP UK,Information Technology and Services,|Bracknell, Berkshire|,774,http://www.hp.co.uk
CTIS,Information Technology and Services,|Brasília, DF|,|4,272|,http://www.ctis.com.br
EasyPC Computer Software House,Information Technology and Services,|Dubai, Dubai|,0,http://www.easypc.ae
CTG - Computer Task Group,Information Technology and Services,|Buffalo, New York|,|2,849|,https://www.ctg.com
CGS (Computer Generated Solutions),Information Technology and Services,|New York, NY|,|2,275|,http://www.cgsinc.com
Computer Engineering Company CEC,Information Technology and Services,,45,http://www.cec.sy
Computer Paradise,Information Technology and Services,|Caguas, Puerto Rico|,57,http://www.computer-paradise.net
Computer And Technologies,Information Technology and Services,Hong Kong,64,http://www.ctil.com
MITS - Muscat Information Technology Services,Information Technology and Services,,employee,http://www.mitsoman.com
Computer One Pty Ltd,Information Technology and Services,|Brisbane, Queensland|,24,http://www.computerone.com.au
|Zones, Inc.|,Information Technology and Services,|Auburn, WA|,|1,912|,http://www.zones.com
Prometric,Information Technology and Services,|Baltimore, MD|,|1,772|,http://www.prometric.com
|Software Technology, Inc|,Information Technology and Services,,46,http://www.stiorg.com
CCSS,Information Technology and Services,Dayton,|4,361|,http://www.compclas.com
iYogi,Information Technology and Services,|New York, NY|,|1,282|,http://www.iyogi.com
All Covered,Information Technology and Services,|Foster City, CA|,|1,345|,http://www.allcovered.com
OGL Computer Services Group Limited,Information Technology and Services,|Stourport-on-Severn, Worcestershire|,177,http://www.ogl.co.uk
|Colibrium, an HGS Company|,Information Technology and Services,|Atlanta, GA|,47,http://www.colibrium.com
CSSI (Computer Solutions & Software International),Information Technology and Services,|Coconut Creek, Florida|,287,http://www.ecssi.com
Developer,Information Technology and Services,|Austin, TX|,859,http://gregoryleroy.com
Fulcrum Co.,Information Technology and Services,|Centreville, VA|,208,http://www.fulcrumco.com/
TCS Computer Services Limited,Information Technology and Services,|Bexley, Kent|,403,http://www.tcscs.co.uk
|Landover Associates, Inc.|,Information Technology and Services,|New York, NY|,16,http://www.landover.com
SQA - Software Quality Associates,Information Technology and Services,|Providence, RI|,132,https://www.sqassociates.com
MAQ Software,Information Technology and Services,|Redmond, WA|,637,http://www.MAQSoftware.com
LaunchCode,Information Technology and Services,,183,http://www.launchcode.org
COMPUTER ARABIA WLL,Information Technology and Services,Doha,28,http://www.carabia.com/
Rockford Computer LLC,Information Technology and Services,Dubai,30,http://www.rockfordcomputer.com
Computer Troubleshooters - York Region,Information Technology and Services,|Richmond Hill, Ontario|,employee,http://www.encompassbt.com
Integrated Statistics,Information Technology and Services,,58,http://www.integratedstatistics.com
|Levi, Ray & Shoup, Inc. (LRS)|,Information Technology and Services,|Springfield, IL|,722,http://www.LRS.com
Altec SA,Information Technology and Services,|Marousi, Athens|,105,http://www.altec.gr
Allocate Software,Information Technology and Services,Richmond,394,http://www.allocatesoftware.co.uk
|Networking Technologies and Support, Inc.|,Information Technology and Services,|Midlothian, Virginia|,293,http://www.thinkNTS.com
ValuD Consulting,Information Technology and Services,|Addison, Texas|,219,http://www.valudconsulting.com
Omnix International,Information Technology and Services,Dubai,912,http://www.omnix.com
Netsurit,Information Technology and Services,|Sandton, Gauteng|,308,http://www.netsurit.com
Computer Station Co - Qatar,Information Technology and Services,Doha,21,http://computerstationco.net/
IHiS (Integrated Health Information Systems),Information Technology and Services,Singapore,|1,158|,https://www.ihis.com.sg/Careers/Pages/Careers.aspx
Unico Computer Systems Pty Ltd.,Information Technology and Services,|Melbourne, Victoria|,380,http://www.unico.com.au/
Oxagile,Information Technology and Services,|New York, NY|,286,https://www.oxagile.com/
|PFU America, Inc.|,Information Technology and Services,|Sunnyvale, CA|,96,http://www.pfu.fujitsu.com/us/
Cisco Networking Academy – Armenia (cisco.academy.am),Information Technology and Services,,75,http://cisco.academy.am
Dedalus S.p.A.,Information Technology and Services,|Firenze, FI|,797,http://www.dedalus.eu
BrokerBin.com,Information Technology and Services,|Rochester, MN|,27,http://www.brokerbin.com
O'Reilly School of Technology,Information Technology and Services,,9,http://www.oreilly.com/
Engineering & Computer Simulations,Information Technology and Services,|Orlando, FL|,237,http://www.ecsorl.com
NuWave Technology Partners,Information Technology and Services,|Kalamazoo, MI|,46,http://www.NuWavePartners.com
|PFU America, Inc.|,Information Technology and Services,|Sunnyvale, CA|,96,http://www.pfu.fujitsu.com/us/
Cisco Networking Academy – Armenia (cisco.academy.am),Information Technology and Services,,75,http://cisco.academy.am
Dedalus S.p.A.,Information Technology and Services,|Firenze, FI|,797,http://www.dedalus.eu
BrokerBin.com,Information Technology and Services,|Rochester, MN|,27,http://www.brokerbin.com
O'Reilly School of Technology,Information Technology and Services,,9,http://www.oreilly.com/
Engineering & Computer Simulations,Information Technology and Services,|Orlando, FL|,237,http://www.ecsorl.com
Cambridge Technology (CT),Information Technology and Services,|Atlanta , Georgia|,573,http://www.ctepl.com
Engineering & Computer Simulations,Information Technology and Services,|Orlando, FL|,237,http://www.ecsorl.com
SITA,Information Technology and Services,|B.P. 31, 1216 Cointrin, Geneva|,|7,066|,http://www.sita.aero
Datum TI,Information Technology and Services,|Porto Alegre, RS|,92,http://www.datum.inf.br
Infinity Software Development,Information Technology and Services,|Tallahassee, FL|,54,http://infinity-software.com
BluEnt,Information Technology and Services,|Houston, Texas|,94,http://www.bluent.com/global
AL-KHALEEJ COMPUTERS & ELECTRONIC SYSTEMS,Information Technology and Services,|RIAYDH, RIAYDH|,198,http://www.al-khaleej.net/
CCB Technology,Information Technology and Services,|Racine, WI|,|2,385|,http://www.ccbtechnology.com
PCNation,Information Technology and Services,,0,
Prime View,Information Technology and Services,|New York, NY|,24,http://www.primeviewusa.com
COGENT Infotech,Information Technology and Services,|Pittsburgh, PA|,145,http://www.cogentinfo.com
Learn iT!,Information Technology and Services,|San Francisco, Ca|,117,http://www.learnit.com
CETPA Infotech Pvt. ltd.,Information Technology and Services,|Noida, Uttar Pradesh|,553,http://www.cetpainfotech.com
GEEKS,Information Technology and Services,|Dubai, Dubai|,43,http://www.geeks.ae
Montal Computer Services Ltd (now part of Castleton Technology Plc),Information Technology and Services,|Dorking, Surrey|,12,http://www.montal.com
|Bask Technology, Inc.|,Information Technology and Services,|Lehi, Utah|,100,http://www.bask.com
Intecs,Information Technology and Services,Rome,430,http://www.intecs.it
Byte Computer S.A.,Information Technology and Services,Athens,117,http://www.byte.gr
Eolas Recruitment,Information Technology and Services,|Bray, Co. Wicklow|,18,http://www.eolas.ie
Mideast Data Systems,Information Technology and Services,Abu Dhabi,303,http://www.mds.ae
Seven Seas Computers,Information Technology and Services,|Dubai, Dubai|,321,http://www.sscomp.ae
ADLINK Technology,Information Technology and Services,|New Taipei City, Taiwan (R.O.C.)|,691,https://emb.adlinktech.com/en/index.aspx
Technical Connections Inc.,Information Technology and Services,|Los Angeles, CA|,39,https://tci-la.com
Digital Work Computer Services,Information Technology and Services,|Barueri, SP|,122,http://www.digitalwork.com.br
MNJ Technologies,Information Technology and Services,|Buffalo Grove, IL|,160,http://www.mnjtech.com
CDI LLC,Information Technology and Services,|Teterboro, New Jersey|,252,http://www.cdillc.com
AquadSoft,Information Technology and Services,|gurgaon, gurgaon|,54,https://www.facebook.com/pg/AquadSoft/reviews/?ref=page_internal
Diverse Tech Services,Information Technology and Services,|Indianapolis, IN|,40,http://www.diversetechservices.com
Navayuga Group,Information Technology and Services,|Hyderabad, Andhra Pradesh|,539,http://www.navayugaglobal.com
KACE,Information Technology and Services,|Mountain View, CA|,105,https://www.quest.com/kace/
TopCat Computer Services,Information Technology and Services,|Hyderabad, AndhraPradesh|,4,http://topcatcomputerservices.com
NEC Europe,Information Technology and Services,London,415,http://uk.nec.com
Midis Group,Information Technology and Services,Beirut,268,http://www.midisgroup.com/
Nixu Corporation,Information Technology and Services,|Espoo, -|,338,http://www.nixu.com
Hyannis Port Research (HPR),Information Technology and Services,|Needham, Massachusetts|,25,http://www.hyannisportresearch.com
AMSYS Innovative Solutions,Information Technology and Services,|Houston, TX|,49,http://www.amsysis.com
New Horizons Learning Group,Information Technology and Services,|Anaheim, CA|,158,http://nhlearninggroup.com/
Keyzone Computer Products Ltd,Information Technology and Services,|Slough, Berkshire|,12,http://www.keyzone.com
Think Research,Information Technology and Services,|Toronto, ON|,202,http://www.thinkresearch.com
DCCA,Information Technology and Services,,198,http://www.dcca.com/
Avira Romania,Information Technology and Services,Bucharest,92,http://www.avira.com
Saga d.o.o. Beograd,Information Technology and Services,Belgrade,245,http://www.saga.rs
VERNA,Information Technology and Services,|Kyiv, Kyiv|,89,http://verna-it.com
QA Consultants,Information Technology and Services,|Toronto, Ontario|,286,http://www.QAconsultants.com
Inspur Group,Information Technology and Services,|Jinan, Shandong|,|4,890|,http://en.inspur.com/
Genilogix,Information Technology and Services,|Pittsburgh, PA|,23,http://www.genilogix.com
StarTech Team,Information Technology and Services,Bucharest,129,https://www.startechteam.ro
Tech Data Europe,Information Technology and Services,|Clearwater, Florida|,|1,826|,http://www.techdata.com
Insource Technology,Information Technology and Services,|Houston, TX|,52,http://www.insource.com
Metro Systems,Information Technology and Services,Duesseldorf,408,http://www.metrosystems.de
Officer S/A,Information Technology and Services,|São Paulo, SP|,330,http://www.officer.com.br
Orangeburg Calhoun Technical College,Information Technology and Services,,229,http://octech.edu
Lirex COM,Information Technology and Services,Sofia,212,http://www.lirex.com
|AMI: American Megatrends, Inc.|,Information Technology and Services,|Norcross, GA|,515,https://ami.com
ArcBest Technologies,Information Technology and Services,|Fort Smith, AR|,264,http://www.arcbtech.com/
Rescale,Information Technology and Services,|San Francisco, CA|,80,http://www.rescale.com
|MIDAS IT Co., Ltd.|,Information Technology and Services,|Seongnam, Gyeonggi|,188,http://en.midasuser.com
TaqniaTech For Information Technologies,Information Technology and Services,Dubai,20,http://www.taqniatech.com
|Future Tech Enterprise, Inc.|,Information Technology and Services,,215,http://www.ftei.com
Geeks on Site,Information Technology and Services,|Coral Gables, Florida|,152,http://www.geeksonsite.com
CNS Middle East,Information Technology and Services,|Dubai, Dubai|,|1,341|,http://www.cns-me.com
IntelliGenesis LLC,Information Technology and Services,|Columbia, Maryland|,50,http://www.intelligenesisllc.com/
CYBERNET,Information Technology and Services,|Karachi, Sindh|,863,http://careers.cyber.net.pk
Link Computer Corporation,Information Technology and Services,|Bellwood, PA|,107,http://www.linkcorp.com
ITC,Information Technology and Services,|Totton, Hampshire|,478,http://www.itcweb.co.uk
3CLogic,Information Technology and Services,|Rockville, Maryland|,82,http://www.3clogic.com/
Fusion Informatics Limited,Information Technology and Services,|Ahmedabad, Gujarat|,82,https://www.fusioninformatics.com
MalamTeam,Information Technology and Services,Petach Tikva,|1,009|,http://www.malamteam.com/
Mandegar Group,Information Technology and Services,|Tehran, Tehran|,153,http://mandegar.com/
Magellium,Information Technology and Services,|Ramonville Saint-Agne, Midi-Pyrénées|,151,http://www.magellium.com
Clinical Computer Systems Inc.,Information Technology and Services,|Elgin, IL|,117,http://www.obix.com
Sky-Futures,Information Technology and Services,|Hayes, Middlesex|,27,https://www.sky-futures.com
matrix Testing & Automation,Information Technology and Services,Hertzliya,145,http://www.tact.co.il/
Anthelio Healthcare Solutions,Information Technology and Services,|Dallas, TX|,837,http://www.antheliohealth.com
ITG Holding,Information Technology and Services,Beirut,414,http://itgholding.com
Sarce S.p.A.,Information Technology and Services,Parma,101,http://www.sarce.it
Sphinx Worldbiz Limited,Information Technology and Services,|Noida, Uttar Pradesh|,165,http://www.sphinxworldbiz.com
Infoparks Kerala,Information Technology and Services,,48,http://www.infopark.in/
Robotic Process Automation Implementation Inc (RPAi),Information Technology and Services,|Picton, Ontario|,11,http://www.rpaimplementation.com
Emergent Systems,Information Technology and Services,|Dearborn, Michigan|,48,http://www.emergentsys.com/
Waveaxis Technologies,Information Technology and Services,|Plano, TX|,44,http://www.waveaxis.com
Tasaa Infosolutions Pvt. Ltd.,Information Technology and Services,Mumbai,30,http://www.tasaa.com
JBA International,Information Technology and Services,|Pasadena, CA|,60,http://www.jba.com
Saratoga Technologies,Information Technology and Services,|Johnson City, TN|,97,http://www.saratogaus.com
CIPS (Canada’s Association of Information Technology Professionals),Information Technology and Services,|Mississauga, Ontario|,25,http://www.cips.ca
TestPro LTD (AllStars-IT Group),Information Technology and Services,|Ramat Gan-Benei Braq, Center.|,16,http://www.allstars-it.com
JCCS,Information Technology and Services,Jeddah,300,http://jccs.jeraisy.com.sa/
ZOLOZ,Information Technology and Services,|Kansas City, MO|,39,http://www.zoloz.com
|Apex Computer Systems, Inc.|,Information Technology and Services,|Cerritos, California|,129,http://www.acsi2000.com
Fast-teks On-Site Computer Services,Information Technology and Services,|Tampa, FL|,122,http://www.fastteks.com
Diennea - MagNews,Information Technology and Services,|Faenza, Milano, Bologna, Parigi|,122,https://www.diennea.com/
ITSERV ALGERIA,Information Technology and Services,|Alger, - Aucun -|,16,http://www.itserv-group.com
Justbit,Information Technology and Services,|Roma, Roma|,16,http://www.justbit.it
Comunet,Information Technology and Services,|Adelaide, South Australia|,83,http://www.comunet.com.au
Riyam Computer Services LLC,Information Technology and Services,|Madinat Al Sultan Qaboos, Muscat|,47,http://www.riyamcomputers.com
Dignitas Digital,Information Technology and Services,|Philadelphia, PA|,42,http://dignitasdigital.com/
Student Shelter In Computers,Information Technology and Services,|Lahore, Punjab|,8,http://www.stscomps.com
I.B.M,Information Technology and Services,,496,http://www.ibm.com
|Avineon, Inc.|,Information Technology and Services,|McLean, Virginia|,211,http://www.avineon.com
Alliance Infotech Pvt. Ltd,Information Technology and Services,|New Delhi, New Delhi|,92,http://www.alliance-infotech.com
Orascom Technology Solutions,Information Technology and Services,Cairo,87,http://www.ots.com.eg
Hashe Computer Solutions (Pvt) Ltd.,Information Technology and Services,|Lahore, Punjab|,44,http://www.hashe.com
SXiQ,Information Technology and Services,|Melbourne, Victoria|,121,http://www.sxiq.com.au
S4BT - Solutions for Business & Technology,Information Technology and Services,|Latina, Latina|,73,http://www.s4bt.it
|Talisen Technologies, Inc.|,Information Technology and Services,|Saint Louis, Missouri|,61,http://www.talisentech.com
Island Voice and Data Networks Inc. (IVDN Inc.),Information Technology and Services,|KINGSTOWN, BELAIR|,169,https://toner.callpsny.com/
TekSynap,Information Technology and Services,|Reston, VA|,124,http://www.teksynap.com
MSProjectExperts,Information Technology and Services,|Rancho Mirage, California (CA)|,7,http://www.msprojectexperts.com
Midwest Computech,Information Technology and Services,|Columbia, MO|,49,http://www.midwestcomputech.com
Flexsin,Information Technology and Services,|Noida, UP|,347,http://www.flexsin.com
EAC Product Development Solutions,Information Technology and Services,|Burnsville, MN|,91,https://eacpds.com/
|Institute of Software, Chinese Academy of Sciences|,Information Technology and Services,,250,http://www.iscas.ac.cn
MicroLabs,Information Technology and Services,|Nasr City, Cairo|,197,https://www.linkedin.com/redir/malware-page?url=http%3A%2F%2Fwww%2emicro-labs%2enet
AC4S,Information Technology and Services,|Tampa, FL|,158,http://www.ac4s.com
CMS Computers Limited (INDIA),Information Technology and Services,|Mumbai, Maharashtra|,609,http://www.cms.co.in
KRISHNA Infosys,Information Technology and Services,|Ahmedabad, Gujarat|,13,http://www.krishnainfosys.com
Rapido Bike Taxi,Information Technology and Services,|Bangalore, Karnataka|,84,https://go.onelink.me/app/e517081b
DeVore Technologies,Information Technology and Services,|Cleveland, OH|,31,http://www.devore.com
Sankalp Computer & Systems Pvt. Ltd.,Information Technology and Services,|Pune, Maharashtra|,91,https://www.sankalpcs.com/
ABC Data,Information Technology and Services,|Warsaw, Masovian|,339,http://www.abcdata.eu
Centerprise International,Information Technology and Services,|Basingstoke, Hampshire|,139,http://www.centerprise.co.uk
Palmetto Technology Group (PTG),Information Technology and Services,|Greenville, SC|,33,http://www.goptg.com
3Way Networks,Information Technology and Services,|Goiania, Goias|,40,http://www.3way.com.br
PC Service,Information Technology and Services,London,214,http://www.pcservicegroup.co.uk
NIC,Information Technology and Services,|Encino, CA|,530,https://www.nicitpartner.com/
Red Dot Distribution Ltd,Information Technology and Services,|Dar Es Salaam, Dar Es Salaam|,82,http://www.reddotdistribution.com
Bristol IT Company Limited,Information Technology and Services,Bristol,28,http://www.bristolitcompany.com
|Dataman Computer Systems (P) Ltd., Kanpur|,Information Technology and Services,|Kanpur, U.P|,175,http://www.dataman.in
Keshav Consulting Solutions (KCS),Information Technology and Services,|Morrisville, NC|,93,http://www.keshavconsulting.com
Sumisho Computer Systems Corporation,Information Technology and Services,,79,http://www.scs.co.jp/
Parity Technologies,Information Technology and Services,|London, London|,39,https://www.paritytech.io
Supreme Systems,Information Technology and Services,|Birmingham, West Midlands|,37,http://www.supremesystems.co.uk/
Global Engineering Technologies,Information Technology and Services,|Belgrade, Serbia|,110,http://www.global-engineering-technologies.com
Encore Software Limited,Information Technology and Services,|Bangalore, Karnataka|,28,http://www.ncoretech.com
Valiance Solutions,Information Technology and Services,Noida,27,http://valiancesolutions.com
Arab Sea Information Systems,Information Technology and Services,|Riyadh, Riyadh|,68,http://www.arabsea.com
Intagleo Systems,Information Technology and Services,Slough,92,http://www.intagleo.co.uk
Maine Township High School South District 207,Information Technology and Services,,449,http://south.maine207.org/
Ontrack UK,Information Technology and Services,|Surrey , Greater London|,22,https://www.ontrack.com/uk?utm_source=linkedin&utm_medium=social&utm_campaign=Kopage
CSG Computer Services Group Ltd,Information Technology and Services,Nr Cardiff,234,http://www.csgrp.co.uk
ENFOCOM International Corporation,Information Technology and Services,|Calgary, Alberta|,7,http://www.enfocom.com
Kemet Corporation,Information Technology and Services,Cairo,207,http://www.kemet.com.eg
Soft Company,Information Technology and Services,Paris,147,http://www.softcompany.fr
Friendly Computers,Information Technology and Services,|North Las Vegas, Nevada|,70,http://www.friendlycomputers.com/
BIST Group,Information Technology and Services,|Bingley, West Yorkshire|,66,http://www.bist.co.uk
Betacom s.r.l.,Information Technology and Services,Torino,248,http://www.betacom.it
Quick Link,Information Technology and Services,|Dubai, Dubai|,47,http://www.quicklinkco.com
eBLVD.com,Information Technology and Services,|Carlsbad, CA|,employee,http://www.eBLVD.com
Libatel,Information Technology and Services,|Jeddah, KSA|,74,http://www.libatel.com
|Ross Technologies, (RTGX)|,Information Technology and Services,|Baltimore, MD|,72,http://www.rtgx.com/index.html
|Cyber Defense Solutions, LLC (CDS)|,Information Technology and Services,|Lorton, VA|,22,http://www.CyberDS.com
Intellisystem Technologies,Information Technology and Services,|Siracusa, SR|,5,https://www.intellisystem.it
PlanITROI,Information Technology and Services,|Denville, New Jersey|,56,http://www.planitroi.com
Sentar Inc.,Information Technology and Services,|Huntsville, AL|,235,http://www.sentar.com
|Business Information Group, Inc.|,Information Technology and Services,|York, PA|,69,https://businessinformationgroup.com/
Port P,Information Technology and Services,|Birmingham, West Midlands|,27,http://www.port-p.com
Innovative Software Solutions Inc (ISSI),Information Technology and Services,|Maple Shade, NJ|,90,http://www.issisystems.com
Arab Software Computer (ASCON),Information Technology and Services,Riyadh,27,http://www.ascon-me.com
FileWave,Information Technology and Services,|Wil, St.Gallen|,66,http://www.filewave.com
The GBS Group,Information Technology and Services,|Virginia Beach, VA|,111,http://www.thegbsgroup.us
Techvedic,Information Technology and Services,|Las Vegag, Nevada|,102,http://www.techvedic.com
Servus,Information Technology and Services,,149,http://www.servus.com.tr
PeaceWorks Technology Solutions,Information Technology and Services,|Waterloo, ON|,25,http://www.peaceworks.ca
SmartDeploy,Information Technology and Services,|Seattle, WA|,18,http://www.smartdeploy.com
Digital Workforce Services Ltd,Information Technology and Services,|Helsinki, Helsinki|,149,http://www.digitalworkforce.eu
SYSCOM COMPUTER ENGINEERING CO.,Information Technology and Services,Taipei,228,http://www.syscom.com.tw/
Sterling Software,Information Technology and Services,|Chennai, Tamil Nadu|,254,http://www.sterlingsoftware.global
Sinewave Computer Services Pvt. Ltd.,Information Technology and Services,|Pune, Maharashtra|,123,http://www.sinewave.co.in
Humansoft Ltd. - a megoldásszállító magyar bajnok,Information Technology and Services,Budapest,173,http://www.humansoft.hu
Datagate Bilgisayar A.S.,Information Technology and Services,Istanbul,28,http://www.datagate.com.tr
Autocab Brasil,Information Technology and Services,|São Paulo, SP|,35,http://www.autocabbrasil.com.br
Innopolis University,Information Technology and Services,|Innopolis, Tatarstan|,157,http://university.innopolis.ru
Prestariang Berhad,Information Technology and Services,|Cyberjaya, Selangor|,189,https://www.prestariang.com.my
Lyme Computer Systems,Information Technology and Services,|Lyme, New Hampshire|,30,http://www.lyme.com
|Rapidsoft Systems, Inc.|,Information Technology and Services,|Princeton Junction, NJ|,21,http://www.rapidsoftsystems.com
Tangible Benefit,Information Technology and Services,|London, London|,92,http://www.tangiblebenefit.com
Geographica,Information Technology and Services,|Seville, Andalusia|,50,http://www.geographica.gs
CSP SpA,Information Technology and Services,Turin,258,http://www.cspnet.it
Laser Soft Infosystems Ltd.,Information Technology and Services,|Chennai, Tamil Nadu|,102,http://www.lasersoft.co.in/
Finch Computing,Information Technology and Services,|Reston, VA|,13,http://www.finchcomputing.com
Tekmark Global Solutions,Information Technology and Services,|Edison, NJ|,337,http://www.tekmark.com
XXII,Information Technology and Services,Suresnes,58,http://www.xxii.fr
Allen Corporation of America,Information Technology and Services,|Fairfax, VA|,131,http://www.allencorporation.com/
Castle Computer Services,Information Technology and Services,|Bellshill, North Lanarkshire|,71,http://www.castle-cs.com
PC Medic - Your Best Choice for PC & MAC Solutions,Information Technology and Services,|Halifax, NS|,35,http://www.pcmedic.com
Halski Systems,Information Technology and Services,|Gainesville, GA|,47,http://www.halski.com
Securenext,Information Technology and Services,|Chennai, Tamil Nadu|,140,http://www.securenext.com
STPL Global,Information Technology and Services,|Lagos, Lagos|,54,https://stplglobal.com
Jordan Data Systems (JDS),Information Technology and Services,Amman,55,http://www.jds.com.jo
Kosbit LLC,Information Technology and Services,|Pristina, Kosovo|,52,http://www.kosbit.net
IT Company India,Information Technology and Services,|New Delhi, Delhi|,246,http://www.firstpointit.com
ON-X Groupe,Information Technology and Services,PUTEAUX,172,http://www.on-x.com
EDISOFT ltd.,Information Technology and Services,St. Petersburg,84,http://www.ediweb.com
SQTL,Information Technology and Services,,40,http://www.sqtl.com
MiCA Qatar,Information Technology and Services,,28,http://www.micaqatar.com
Crucial Security,Information Technology and Services,|Chantilly, VA|,17,http://www.crucialsecurity.com
Comcentia,Information Technology and Services,|Mequon, Wisconsin|,11,http://www.comcentia.com
AGL CONSULTING LTD,Information Technology and Services,|LAGOS, LAGOS|,59,http://www.aglconsulting.net
Wavelet Solutions Sdn Bhd,Information Technology and Services,|UEP Subang Jaya, Select one|,64,http://www.wavelet.net
AZEL,Information Technology and Services,Baku,73,http://www.azel.net
Spread Tecnologia,Information Technology and Services,|São Paulo, São Paulo|,|1,469|,http://www.spread.com.br
|Sunyard System Engineering Co., Ltd.|,Information Technology and Services,|HANGZHOU, ZHJ|,458,http://www.sunyard.com
