Wireless,Wireless,,668,
Wireless Advocates,Wireless,|Seattle, Washington|,|1,612|,http://www.wirelessadvocates.com
Wireless Vision,Wireless,|Bloomfield Hills, MI|,979,http://www.wirelessvision.com
Wireless Zone LLC,Wireless,|Rocky Hill, CT|,868,http://www.wirelesszone.com
The Wireless Center,Wireless,|Independence, OH|,232,http://thewirelesscenter.com
|Wireless Communications, Verizon Premium Retailer|,Wireless,|Greenville, SC 29601|,141,http://www.TheWCInc.com
Wireless Logic,Wireless,|Menomonee Falls, WI|,32,http://www.wireless-logic.com
A Wireless - Verizon Authorized Retailer,Wireless,|Greenville, North Carolina|,911,http://www.victra.com
Wireless Matrix,Wireless,|Herndon, Virginia|,49,http://www.wirelessmatrix.com
The Wireless Experience,Wireless,,183,http://www.thewirelessexperience.com
Wireless Logic Ltd,Wireless,|Hurley, Berkshire|,68,http://www.wirelesslogic.com
Wireless Maritime Services (a Joint Venture of AT&T and Global Eagle),Wireless,,39,http://www.wmsatsea.com
KORE Wireless,Wireless,|Alpharetta, GA|,343,http://www.korewireless.com
Boingo Wireless,Wireless,|Los Angeles, California|,490,http://www.boingo.com
Transit Wireless,Wireless,|New York, NY|,97,http://www.transitwireless.com
|Tarana Wireless, Inc.|,Wireless,|Santa Clara, CA|,115,http://www.taranawireless.com
Sierra Wireless,Wireless,|Richmond, British Columbia|,|1,424|,http://www.sierrawireless.com
Proxim Wireless,Wireless,|San Jose, California|,159,http://www.proxim.com
Viaero Wireless,Wireless,|Fort Morgan, CO|,318,http://www.viaero.com
Federated Wireless,Wireless,|Arlington, VA|,74,http://www.federatedwireless.com/
True Wireless,Wireless,|San Ramon, CA|,23,http://truewirelessinc.com/
Day Wireless Systems,Wireless,|Milwaukie, OR|,281,https://www.daywireless.com
|Zipit Wireless, Inc.|,Wireless,|Greenville, SC|,18,http://www.zipitwireless.com
Streakwave Wireless,Wireless,|San Jose, CA|,44,https://www.streakwave.com
Parallel Wireless,Wireless,|Nashua, NH|,339,http://ParallelWireless.com
|InSite Wireless Group, LLC|,Wireless,|Alexandria, VA|,94,http://www.insitewireless.com
|Numerex, a Sierra Wireless Company|,Wireless,|Atlanta, GA|,104,http://www.numerex.com
|SpiderCloud Wireless, Inc|,Wireless,|Milpitas, CA|,117,http://www.spidercloud.com
Spark Wireless T-Mobile Premium Retailer,Wireless,|Norcross, GA|,99,http://mysparkwireless.com
Xentris Wireless LLC,Wireless,|Addison, IL|,58,http://www.xentriswireless.com
MOBI Wireless Management,Wireless,|Indianapolis, IN|,326,http://www.MOBIwm.com
DDS Wireless,Wireless,|Richmond, British Columbia|,|1,870|,http://www.ddswireless.com/
Axxcelera Broadband Wireless,Wireless,|Santa Barbara, CA|,18,http://www.axxcelera.com
Polaris Wireless,Wireless,|Mountain View, CA|,93,http://www.polariswireless.com
Aio Wireless,Wireless,|Alpharetta, GA|,84,http://www.cricketwireless.com
Newfield Wireless is now NETSCOUT,Wireless,|Berkeley, CA|,53,http://www.tekcomms.com
Worldlynx Wireless,Wireless,|Toronto, Ontario|,146,http://www.worldlynxwireless.com
|Verizon Wireless / AirCom, Inc|,Wireless,,35,http://www.verizonforbusiness.com
Worldlynx Wireless,Wireless,|Toronto, Ontario|,146,http://www.worldlynxwireless.com
|Verizon Wireless / AirCom, Inc|,Wireless,,35,http://www.verizonforbusiness.com
Rush Star Wireless,Wireless,|Chula Vista, California|,54,https://www.rushstarwireless.com
Clover Wireless,Wireless,|Hoffman Estates, Illinois|,217,http://www.cloverwireless.com
Verizon 4G Wireless,Wireless,|Greenville, NC|,338,http://www.awireless.com
Apex Wireless.ca,Wireless,|Surrey Central, British Columbia|,118,http://www.apexwireless.ca
Appalachian Wireless,Wireless,|Ivel, KY|,94,http://www.appalachianwireless.com
Engineering Wireless Services,Wireless,,67,http://www.EngineeringWireless.com
Mybullfrog.com Verizon Wireless Premium Retailer,Wireless,|Boise, ID|,320,http://www.mybullfrog.com
Platinumtel Wireless,Wireless,|Justice, Illinois|,18,http://www.ptel.com
NextWave Wireless Inc.,Wireless,,100,http://www.nextwave.com
C2 Wireless,Wireless,|Irvine, California|,44,http://www.c2wireless.com
Webtech Wireless,Wireless,|Toronto, Ontario|,54,http://www.webtechwireless.com/
MYMO Wireless Technology Pvt Ltd,Wireless,|Bangalore, Karnataka|,47,http://www.mymowireless.com
Quality One Wireless,Wireless,|Orlando, Florida|,92,http://www.q1w.net
Carolina West Wireless,Wireless,|Wilkesboro, NC|,111,http://www.carolinawest.com
Axxcelera Egypt Broadband Wireless,Wireless,|Cairo, Maadi|,16,http://www.axxceleraegypt.com/
Metrico Wireless,Wireless,|Frederick, MD|,15,http://www.spirent.com/Solutions/Service-Experience
REMEC Broadband Wireless,Wireless,,291,
Qualcomm,Wireless,|San Diego, CA|,|33,589|,https://www.qualcomm.com/
AT&T Mobile Tel,Wireless,|West Chicago, IL|,|2,583|,http://mobiletelltd.com
Cellular Sales,Wireless,|Knoxville, TN|,|3,751|,http://www.jobs.cellularsales.com
Good Powered by BlackBerry,Wireless,|Sunnyvale, CA|,|1,081|,https://www1.good.com/
Bluetooth SIG,Wireless,|Kirkland, WA|,139,http://www.bluetooth.com
Digi International,Wireless,|Minnetonka, Minnesota|,748,http://www.digi.com
|Firetide, Inc. - A Division of UNICOM Global|,Wireless,|Campbell, CA|,66,http://www.firetide.com
|Electronic Search, Inc.|,Wireless,|Rolling Meadows, IL|,98,http://www.electronicsearch.com
|InterDigital, Inc.|,Wireless,|Wilmington, DE|,409,http://www.interdigital.com
Meru Networks,Wireless,|Sunnyvale, CA|,358,http://www.merunetworks.com
Airvana,Wireless,|Hickory, NC|,273,http://www.commscope.com
Virgin Mobile USA,Wireless,|Kansas City, Missouri|,350,https://www.virginmobileusa.com
Ingenu,Wireless,|San Diego, CA|,71,http://www.ingenu.com
Redpine Signals,Wireless,|San Jose, California|,275,http://www.redpinesignals.com
Cambium Networks,Wireless,|Rolling Meadows, IL|,497,http://www.cambiumnetworks.com
|Consumer Cellular, Inc.|,Wireless,|Portland, Oregon|,466,http://www.ConsumerCellular.com
HNM Systems,Wireless,|Solana Beach, CA|,50,http://www.hnmsystems.com
Qualcomm Innovation Center Inc,Wireless,,375,|https://play.google.com/store/apps/developer?id=Qualcomm+Innovation+Center,+Inc.|
Tessco Technologies,Wireless,|Hunt Valley, MD|,823,http://www.tessco.com
Spring Mobile,Wireless,|Salt Lake City, Utah|,|2,079|,http://springmobile.com
LitePoint,Wireless,|Sunnyvale, CA|,320,http://www.litepoint.com
Affirmed Networks,Wireless,|Acton, MA|,452,http://www.affirmednetworks.com
Fluidmesh Networks,Wireless,|Brooklyn, NY|,45,http://www.fluidmesh.com
|ExteNet Systems, Inc.|,Wireless,|Lisle, IL|,383,http://www.extenetsystems.com
LightSquared,Wireless,|Reston, VA|,93,http://www.lightsquared.com
|FutureDial, Incorporated|,Wireless,|Sunnyvale, CA|,75,http://www.futuredial.com
Playphone,Wireless,|Sunnyvale, CA|,76,http://www.playphone.com
|HTH Communications, LLC.|,Wireless,|Houston, TX|,36,http://hthcomm.com/
First Responder Network Authority,Wireless,|Reston, VA|,145,http://www.firstnet.gov
FreeWave Technologies,Wireless,|Boulder, Colorado|,149,http://www.freewave.com
CTIA,Wireless,|Washington, DC|,179,http://www.ctia.org
iBwave Solutions Inc.,Wireless,|Montreal, Quebec|,157,http://www.ibwave.com
EnGenius Technologies,Wireless,|Costa Mesa, CA|,74,http://www.engeniustech.com
Location Labs by Avast,Wireless,|Emeryville, CA|,182,http://www.locationlabs.com
Harris Communications,Wireless,|Charlotte, NC|,182,http://harriscommunications.com/
Alvarion Technologies,Wireless,|Herzliya, Herzliya|,376,http://www.alvarion.com
BearCom,Wireless,|Garland, Texas|,474,http://www.BearCom.com
Russell Cellular,Wireless,|Battlefield, Missouri|,712,https://www.russellcellular.com
Md7,Wireless,|San Diego, CA|,239,https://www.md7.com/
GLENTEL Inc.,Wireless,,|1,201|,http://www.glentel.com/
Worldsensing,Wireless,|Barcelona, Catalonia|,97,http://www.worldsensing.com
Qualcomm Cambridge,Wireless,Cambridge,141,https://www.qualcomm.co.uk/
Ethertronics,Wireless,|San Diego, CA|,128,https://www.ethertronics.com
CWNP,Wireless,|Durham, North Carolina|,15,http://www.cwnp.com
|ADRF (Advanced RF Technologies, Inc.)|,Wireless,|Burbank, CA|,26,http://adrftech.com/
Verge Mobile LLC,Wireless,|Houston, TX|,147,http://www.vergemobile.com
The Cellular Connection,Wireless,,533,http://tccrocks.com
SEVEN Networks,Wireless,|Marshall, Texas|,209,http://www.seven.com
RADWIN,Wireless,Tel Aviv,274,http://www.radwin.com
Wandering WiFi,Wireless,|Atlanta, Georgia|,24,http://www.wanderingwif.com
Cellcom,Wireless,|De Pere, WI|,344,http://www.cellcom.com
|Talley, Inc.|,Wireless,|Santa Fe Springs, CA|,159,http://www.talleycom.com
Scientel Solutions,Wireless,|Lombard, Illinois|,66,http://www.scientelsolutions.com
Skyroam,Wireless,|San Francisco, CA|,67,http://www.skyroam.com
Source Photonics,Wireless,|West Hills, CA|,459,http://www.sourcephotonics.com
EZELINK Telecom,Wireless,|Dubai, Dubai|,43,http://www.ezelink.com
|C Squared Systems, LLC|,Wireless,|Auburn, NH|,141,http://www.csquaredsystems.com/
