AT Internet,Internet,Merignac,323,https://www.atinternet.com
AT Internet,Internet,Merignac,323,https://www.atinternet.com
AT Internet,Internet,Merignac,323,https://www.atinternet.com
Internet Brands,Internet,|El Segundo, CA|,|1,512|,http://www.internetbrands.com
Internet Society,Internet,|Reston, Virginia|,526,https://www.internetsociety.org
Rocket Internet SE,Internet,Berlin,696,http://www.rocket-internet.com
|GMO Internet, Inc.|,Internet,|Shibuya-ku, Tokyo|,196,http://www.gmo.jp
Openface Internet,Internet,|Montreal, Quebec|,40,http://www.openface.com
IoT Community - Internet of Things Community®,Internet,|Research Triangle Park, , NC|,34,http://iotcommunity.net
1&1 Internet SE,Internet,|Montabaur, Rheinland-Pfalz|,|2,190|,http://www.1und1.de
Onestop Internet,Internet,|El Segundo, CA|,193,http://www.onestop.com
Times Internet,Internet,|Gurgaon , Haryana|,|3,535|,http://www.timesinternet.in
WSI Internet Consulting,Internet,|Etobicoke, Ontario|,294,http://www.wsiworld.com
Oi Internet,Internet,,274,http://oiinternet.com.br
Walt Disney Internet Group,Internet,,417,http://www.crunchbase.com/company/walt-disney-internet-group
Middle East Internet Group,Internet,|Dubai, Dubai|,19,http://www.meig.com
Undisclosed Internet Company,Internet,,150,
idealo internet GmbH,Internet,|Berlin, Berlin|,513,http://www.idealo.de/
AOL,Internet,|New York, NY|,|7,883|,http://bit.ly/AOLBrandBuildersLi
Trabajo desde mi casa por Internet,Internet,santa fe,941,http://raulgvo.hostthenprofit.com/es/
Amazon,Internet,|Seattle, WA|,|271,737|,http://www.amazon.com
Google,Internet,|Mountain View, CA|,|150,615|,http://www.google.com
eBay,Internet,|San Jose, CA|,|26,492|,http://www.ebayinc.com
Yahoo,Internet,,0,
Coursera,Internet,|Mountain View, CA|,|1,228|,http://www.coursera.org/jobs
HubSpot,Internet,,0,
Pandora,Internet,|Oakland, CA|,|2,916|,http://www.pandora.com/careers
VentureBeat,Internet,|San Francisco, CA|,133,http://venturebeat.com/
LinkedIn,Internet,|Sunnyvale, CA|,|16,839|,https://lnkd.in/InItTogether
Equinix,Internet,|Redwood City, California|,|7,159|,http://www.equinix.com
HomeAway,Internet,|Austin, Texas|,|6,354|,http://www.homeaway.com
|CyberAgent America, Inc.|,Internet,|San Francisco, CA|,14,http://www.cyberagentamerica.com
Akamai Technologies,Internet,|Cambridge, MA|,|6,995|,https://www.akamai.com
Flipkart,Internet,|Bangalore, Karnataka|,|18,977|,http://www.flipkart.com
Agoda,Internet,|Singapore, Singapore|,|3,050|,http://www.agoda.com
ASOS.com,Internet,|London, London|,|3,201|,http://www.asos.com
Snapdeal,Internet,|Gurgaon, Haryana|,|4,775|,http://www.snapdeal.com
Tencent,Internet,|Shenzhen, Guangdong|,|117,414|,http://www.tencent.com
Catho,Internet,|Barueri, SP|,994,http://www.catho.com.br
B2W Digital,Internet,|Rio de Janeiro, RJ|,|4,838|,http://www.b2wdigital.com
Globo.com,Internet,|Rio de Janeiro, RJ|,|1,409|,http://www.globo.com
Lazada Group,Internet,|Singapore, Singapore|,|7,356|,http://www.lazada.com
Criteo,Internet,Paris,|2,953|,http://www.criteo.com
Fandango,Internet,|Beverly Hills, CA|,571,http://www.fandango.com
InfoJobs,Internet,|São Paulo, São Paulo|,151,http://www.Infojobs.com.br
UOL,Internet,|São Paulo, SP|,|2,436|,http://www.uol.com.br
iBest,Internet,,|11,674|,http://www.ibest.com.br
|Baidu, Inc.|,Internet,Beijing,|22,782|,http://home.baidu.com/index.html
VAGAS.com,Internet,|São Paulo, SP|,281,http://www.vagas.com.br
IndiaMART InterMESH Limited,Internet,|Noida, UP|,|8,666|,http://www.indiamart.com/
Mynet,Internet,|Istanbul, Maslak|,|34,861|,http://www.mynet.com
Xiaomi Technology,Internet,|Beijing, Beijing|,|6,057|,http://www.mi.com
HiChina,Internet,,81,http://www.hichina.com
Bumeran,Internet,|Buenos Aires, Buenos Aires|,254,http://www.bumeran.com
Hotel Urbano,Internet,|Rio de Janeiro, Rio de Janeiro|,|1,682|,https://www.hurb.com
Curriculum.com.br,Internet,|São Paulo, SP|,81,http://www.curriculum.com.br
InfoJobs,Internet,|Barcelona, Spain|,236,https://www.infojobs.net
Comcast Interactive Media,Internet,|Philadelphia, PA|,324,http://jobs.comcast.com
A9.com,Internet,|Palo Alto, CA|,564,http://www.a9.com/
StubHub,Internet,|San Francisco, California|,|1,589|,http://www.stubhub.com
Flickr,Internet,|San Francisco, California|,532,https://www.flickr.com
Wayfair,Internet,|Boston, MA|,|8,064|,http://www.wayfair.com
Hotwire,Internet,|San Francisco, CA|,356,http://www.hotwire.com
Care.com,Internet,|Waltham, MA|,|8,022|,http://www.care.com
Outbrain,Internet,|New York, NY|,705,https://www.outbrain.com/
Shutterstock,Internet,|New York, NY|,|2,980|,http://www.shutterstock.com
Quantcast,Internet,|San Francisco, CA|,828,http://www.quantcast.com
Varsity Tutors,Internet,|St. Louis, MO|,|3,594|,http://www.varsitytutors.com
|Nordstromrack.com || HauteLook, a Nordstrom Company|,Internet,|Los Angeles, CA|,|1,199|,http://bit.ly/1mcTnFM
Rubicon Project,Internet,|Playa Vista, CA|,519,http://www.rubiconproject.com
|Fanatics, Inc.|,Internet,|Jacksonville, FL. and San Mateo, CA.|,|2,847|,http://www.fanaticsinc.com
ICANN,Internet,|Los Angeles, CA|,638,http://www.icann.org
Ooyala,Internet,|San Jose, CA|,464,http://www.ooyala.com
Travelzoo,Internet,|New York, NY|,573,http://www.travelzoo.com
|TrueCar, Inc.|,Internet,|Santa Monica, CA|,704,http://www.truecar.com
Search Engine Land,Internet,|Searchview, CA|,37,https://searchengineland.com/
OpenDNS,Internet,,0,
|FreezeCrowd, Inc.|,Internet,|New York, NY|,16,http://www.freezecrowd.com
Overstock.com,Internet,|Midvale, UT|,|1,820|,http://www.overstock.com
Wikimedia Foundation,Internet,|San Francisco, CA|,596,https://wikimediafoundation.org
Peapod,Internet,|Chicago, Illinois|,756,http://www.peapod.com
SEMrush,Internet,|Trevose, Pennsylvania|,525,http://www.semrush.com
|DoYouRemember, Inc.|,Internet,|New York, New York|,20,https://doyouremember.com
Latin3,Internet,|Fort Lauderdale, Florida|,43,http://www.latin3.com
Goodreads.com,Internet,|San Francisco, CA|,211,http://www.goodreads.com
Clearwire,Internet,|Bellevue, WA|,444,http://www.clearwire.com
Bitly,Internet,|New York, NY|,214,http://bitly.com
Minted,Internet,|San Francisco, CA|,493,http://www.minted.com
Match.com,Internet,|Dallas, TX|,645,http://www.match.com
Equinix EMEA,Internet,|Redwood City, California|,672,http://www.equinix.com
EHSCareers,Internet,|Watkinsville, Georgia|,39,http://www.ehscareers.com/
eBay for Business,Internet,|San Jose, California|,781,http://ebay.com
Yummly (A subsidiary of Whirlpool Corporation),Internet,|Redwood City, CA|,79,http://www.yummly.com
OneMarket,Internet,|San Francisco, CA|,141,http://www.onemarketnetwork.com/
Stripe,Internet,|San Francisco, CA|,|1,309|,https://stripe.com
Ripple,Internet,|San Francisco, CA|,321,http://www.ripple.com
|Magento, an Adobe Company|,Internet,|Campbell, CA|,743,http://www.magento.com
Weedmaps,Internet,|Orange County, CA|,366,http://weedmaps.com
Dock,Internet,|Burligame, CA|,92,https://dock.io
Marketing Land,Internet,|Marketsville, CA|,177,https://marketingland.com
AppNexus,Internet,|New York, New York|,|1,143|,http://www.appnexus.com/careers
About.com,Internet,|New York, NY|,337,http://www.about.com
Baidu USA,Internet,|Sunnyvale, CA|,283,http://www.baidu.com
Quora,Internet,,0,
ClickBank,Internet,|Boise, ID|,|1,214|,http://www.clickbank.com
Web.com,Internet,|Jacksonville, FL|,|4,326|,http://www.web.com
|Reddit, Inc.|,Internet,|San Francisco, California|,626,http://about.reddit.com
Fever Labs Inc.,Internet,|NY, NY|,178,http://feverup.com
Avanta,Internet,|San Francisco, California|,111,http://avanta.co
IAC,Internet,|New York, NY|,|8,771|,http://www.iac.com
Experian Consumer Services,Internet,|Costa Mesa, CA|,990,http://www.experian.com
Good&Co Labs Inc.,Internet,|San Francisco, CA|,75,https://good.co/
Conversant,Internet,|Chicago, Illinois|,|2,129|,http://www.conversantmedia.com
|Cloudflare, Inc.|,Internet,|San Francisco, CA|,776,http://www.cloudflare.com
Leaf Group,Internet,|Santa Monica, CA|,368,https://www.leafgroup.com/
jQuery Project,Internet,,23,http://jquery.com
|Market America, Inc.|,Internet,|Greensboro, NC|,|4,424|,http://www.marketamerica.com
RentPath,Internet,|Atlanta, GA|,|1,224|,http://www.rentpath.com
SEOmoz,Internet,|Seattle, WA|,61,http://www.seomoz.org
JW Player,Internet,|New York, New York|,232,http://jwplayer.com
Idealab,Internet,|Pasadena, CA|,106,http://www.idealab.com
AnchorFree,Internet,|Redwood City, California|,147,http://www.anchorfree.com
CafePress Inc.,Internet,|Louisville, KY|,502,http://www.cafepressinc.com
AndroidPolice.com,Internet,|Oakland, CA|,19,http://www.AndroidPolice.com
Vivid Seats LLC,Internet,|Chicago, IL|,407,http://www.vividseats.com/careers
Rakuten USA,Internet,|San Mateo, CA|,|2,398|,http://rakuten.us/
SeatGeek,Internet,|New York, NY|,324,http://seatgeek.com/
Mimosa Networks,Internet,|Santa Clara, California|,123,http://mimosa.co
|iHire, LLC|,Internet,|Frederick, Maryland|,64,http://www.ihire.com/
Creative Commons,Internet,|Mountain View, CA|,111,http://creativecommons.org/
Arkadium,Internet,|New York, NY|,99,http://www.arkadium.com
Cloudinary,Internet,|Sunnyvale, CA|,149,https://cloudinary.com
eCommerce Placement,Internet,|New York, NY|,37,http://www.ecommerceplacement.com
Whitepages,Internet,|Seattle, WA|,194,http://www.whitepages.com
Nextdoor,Internet,|San Francisco, CA|,362,http://nextdoor.com
Brand24,Internet,|Gainesville, FL|,65,http://brand24.com/l
if(we),Internet,|San Francisco, CA|,71,http://www.themeetgroup.com
|Viki, Inc.|,Internet,|San Mateo, California|,231,http://www.viki.com
Dyn,Internet,|Manchester, NH|,288,http://dyn.com
CafeMedia,Internet,|New York, New York|,164,http://www.CafeMedia.com
|United Online, Inc.|,Internet,|Woodland Hills, Ca|,343,http://www.untd.com
Entefy,Internet,|Palo Alto, CA|,42,http://www.entefy.com
Tokopedia,Internet,|Jakarta Selatan, DKI Jakarta|,|2,148|,http://www.tokopedia.com/careers
GreatNonprofits,Internet,|Redwood Shores, California|,12,http://greatnonprofits.org
Yubico,Internet,|Palo Alto, California|,157,http://www.yubico.com
Mercado Libre,Internet,Buenos Aires,|4,390|,http://www.mercadolibre.com
Zip Brands,Internet,|Westlake Village, CA|,15,http://www.zipbrands.com
JD.COM,Internet,Beijing,|19,838|,http://corporate.jd.com/
about.me,Internet,|San Francisco, California|,434,http://about.me
CollegeHumor,Internet,|New York, NY|,104,http://www.collegehumor.com
Traveloka,Internet,Jakarta Barat,|1,962|,http://www.traveloka.com
GoGuardian,Internet,|Los Angeles, CA|,130,http://www.goguardian.com
Souq.com,Internet,Dubai,|2,287|,https://uae.souq.com/ae-en/why-souq/c/
Ant Financial,Internet,|Hangzhou, Zhejiang|,|5,983|,https://www.antfin.com/
GWC Inc,Internet,|Santa Clara, CA|,306,http://www.gwc.net
Blockchain,Internet,|London, London|,|1,081|,http://www.blockchain.com
Namshi.com,Internet,|Dubai, Dubai|,507,http://namshi.com/careers
This Week in Startups,Internet,,14,http://thisweekinstartups.com
VivaRealBrasil,Internet,|São Paulo, SP|,259,http://www.vivareal.com.br
Bukalapak,Internet,|Jakarta Selatan, Jakarta|,|1,911|,http://www.bukalapak.com
GSMA,Internet,|25 Walbrook, London|,|1,161|,http://www.gsma.com
|Starry, Inc.|,Internet,|Boston, Massachusetts|,228,https://starry.com/
Mobile Streams,Internet,|New York, New York|,109,http://www.mobilestreams.com
Sina Com Technology (China) Co. LTD,Internet,|China Beijing, Beijing|,|4,567|,http://www.sina.com.cn
Daily Makeover,Internet,|New York, NY|,23,http://www.dailymakeover.com
Rev.com,Internet,|San Francisco, California|,|1,680|,https://www.rev.com
GetApp,Internet,|Barcelona, Catalonia|,39,https://www.getapp.com
Rock Content,Internet,|Belo Horizonte, MG|,888,http://rockcontent.com
Synacor,Internet,|Buffalo, New York|,378,http://www.synacor.com
Urban Ladder,Internet,|Bangalore, Karnataka|,685,http://www.urbanladder.com
foodpanda,Internet,Berlin,|1,817|,http://www.foodpanda.com/
Justia,Internet,|Mountain View, CA|,118,https://www.justia.com
Kenshoo,Internet,|Tel Aviv, Israel|,614,http://www.kenshoo.com
Imovelweb,Internet,|São Paulo, SP|,156,http://www.imovelweb.com.br
Backbase,Internet,|Amsterdam, NH|,496,http://www.backbase.com
UCWeb Inc.,Internet,|Guangzhou, Guangdong|,415,http://www.ucweb.com
People Interactive,Internet,|Mumbai, Maharashtra|,|1,025|,http://www.shaadi.com
Jumia Group,Internet,|Ikeja , Lagos|,|5,406|,https://group.jumia.com/
PropertyGuru Group,Internet,Singapore,900,https://www.propertygurugroup.com/
Pluto TV,Internet,|West Hollywood, California|,133,http://corporate.pluto.tv
ThousandEyes,Internet,|San Francisco, California|,241,https://www.thousandeyes.com
iCarros,Internet,|São Paulo, São Paulo|,120,http://www.icarros.com.br
Sift Science,Internet,|San Francisco, CA|,190,http://www.siftscience.com
LINKdotNET,Internet,|Maadi, Cairo|,|1,558|,https://www.orange.eg/en/business/fixed-connectivity
Time Out Group plc,Internet,|London, England|,666,http://www.timeout.com/about
Rokk3r,Internet,|Miami, Florida|,79,http://www.rokk3r.com
showroomprive.com,Internet,La Plaine Saint Denis,|1,023|,http://www.showroomprive.com/
